{
	"textures": {
		"0": "animated_java:blueprint/harben/texture",
		"particle": "minecraft:item/pufferfish"
	},
	"display": {
		"head": {
			"rotation": [0, 180, 0]
		}
	},
	"elements": [
		{
			"from": [4, -4, 6],
			"to": [8, 9, 10],
			"rotation": {
				"angle": 0,
				"axis": "y",
				"origin": [8, 7, 8]
			},
			"faces": {
				"north": {
					"uv": [0.5, 4.625, 1, 6.25],
					"texture": "#0"
				},
				"east": {
					"uv": [1, 4.625, 1.5, 6.25],
					"texture": "#0"
				},
				"south": {
					"uv": [5, 0, 5.5, 1.625],
					"texture": "#0"
				},
				"west": {
					"uv": [5, 2.625, 5.5, 4.25],
					"texture": "#0"
				},
				"up": {
					"uv": [5.5, 6.375, 5, 5.875],
					"texture": "#0"
				},
				"down": {
					"uv": [7.875, 8.875, 7.375, 9.375],
					"texture": "#0"
				}
			}
		},
		{
			"from": [4, 9, 6],
			"to": [8, 10, 10],
			"rotation": {
				"angle": 0,
				"axis": "y",
				"origin": [8, 7, 8]
			},
			"faces": {
				"north": {
					"uv": [1, 9.625, 1.5, 9.75],
					"texture": "#0"
				},
				"east": {
					"uv": [5.625, 10.25, 6.125, 10.375],
					"texture": "#0"
				},
				"south": {
					"uv": [8.75, 10.25, 9.25, 10.375],
					"texture": "#0"
				},
				"west": {
					"uv": [0, 10.375, 0.5, 10.5],
					"texture": "#0"
				},
				"up": {
					"uv": [4, 9.5, 3.5, 9],
					"texture": "#0"
				},
				"down": {
					"uv": [5.25, 9, 4.75, 9.5],
					"texture": "#0"
				}
			}
		},
		{
			"from": [3, 0, 6],
			"to": [4, 9, 10],
			"rotation": {
				"angle": 0,
				"axis": "y",
				"origin": [8, 7, 8]
			},
			"faces": {
				"north": {
					"uv": [9.25, 9.625, 9.375, 10.75],
					"texture": "#0"
				},
				"east": {
					"uv": [3.5, 7, 4, 8.125],
					"texture": "#0"
				},
				"south": {
					"uv": [2.375, 9.75, 2.5, 10.875],
					"texture": "#0"
				},
				"west": {
					"uv": [5.75, 7, 6.25, 8.125],
					"texture": "#0"
				},
				"up": {
					"uv": [5.125, 10.75, 5, 10.25],
					"texture": "#0"
				},
				"down": {
					"uv": [5.25, 10.25, 5.125, 10.75],
					"texture": "#0"
				}
			}
		},
		{
			"from": [2.991, 1.019, 5.998],
			"to": [3.992, 9.027, 10.002],
			"rotation": {
				"angle": -5,
				"axis": "z",
				"origin": [7.996, 7.025, 8]
			},
			"faces": {
				"north": {
					"uv": [6.875, 8.25, 7, 9.25],
					"texture": "#0"
				},
				"east": {
					"uv": [7.625, 0.75, 8.125, 1.75],
					"texture": "#0"
				},
				"south": {
					"uv": [2.75, 10, 2.875, 11],
					"texture": "#0"
				},
				"west": {
					"uv": [7.75, 3.625, 8.25, 4.625],
					"texture": "#0"
				},
				"up": {
					"uv": [10.5, 0.5, 10.375, 0],
					"texture": "#0"
				},
				"down": {
					"uv": [0.625, 10.375, 0.5, 10.875],
					"texture": "#0"
				}
			}
		},
		{
			"from": [3, 1, 6],
			"to": [4, 9, 10],
			"rotation": {
				"angle": -10,
				"axis": "z",
				"origin": [8, 7, 8]
			},
			"faces": {
				"north": {
					"uv": [2.875, 10, 3, 11],
					"texture": "#0"
				},
				"east": {
					"uv": [7.75, 4.625, 8.25, 5.625],
					"texture": "#0"
				},
				"south": {
					"uv": [3, 10, 3.125, 11],
					"texture": "#0"
				},
				"west": {
					"uv": [4.75, 8, 5.25, 9],
					"texture": "#0"
				},
				"up": {
					"uv": [0.75, 10.875, 0.625, 10.375],
					"texture": "#0"
				},
				"down": {
					"uv": [2, 10.375, 1.875, 10.875],
					"texture": "#0"
				}
			}
		},
		{
			"from": [2.98199, 6.04802, 5.996],
			"to": [3.98399, 8.05203, 10.004],
			"rotation": {
				"angle": -32.5,
				"axis": "z",
				"origin": [6.99, 8.05203, 8]
			},
			"faces": {
				"north": {
					"uv": [7.875, 1.75, 8, 2],
					"texture": "#0"
				},
				"east": {
					"uv": [6.75, 4.875, 7.25, 5.125],
					"texture": "#0"
				},
				"south": {
					"uv": [8.5, 0.5, 8.625, 0.75],
					"texture": "#0"
				},
				"west": {
					"uv": [9.75, 5.375, 10.25, 5.625],
					"texture": "#0"
				},
				"up": {
					"uv": [2.125, 10.875, 2, 10.375],
					"texture": "#0"
				},
				"down": {
					"uv": [2.25, 10.375, 2.125, 10.875],
					"texture": "#0"
				}
			}
		},
		{
			"from": [4, 0, 10],
			"to": [8, 9, 11],
			"rotation": {
				"angle": 0,
				"axis": "y",
				"origin": [8, 7, 8]
			},
			"faces": {
				"north": {
					"uv": [0.5, 7.125, 1, 8.25],
					"texture": "#0"
				},
				"east": {
					"uv": [4.5, 9.75, 4.625, 10.875],
					"texture": "#0"
				},
				"south": {
					"uv": [7.125, 0.875, 7.625, 2],
					"texture": "#0"
				},
				"west": {
					"uv": [4.625, 9.75, 4.75, 10.875],
					"texture": "#0"
				},
				"up": {
					"uv": [10.875, 0.625, 10.375, 0.5],
					"texture": "#0"
				},
				"down": {
					"uv": [10.875, 0.625, 10.375, 0.75],
					"texture": "#0"
				}
			}
		},
		{
			"from": [4, 0, 5],
			"to": [8, 9, 6],
			"rotation": {
				"angle": 0,
				"axis": "y",
				"origin": [8, 7, 8]
			},
			"faces": {
				"north": {
					"uv": [1, 7.125, 1.5, 8.25],
					"texture": "#0"
				},
				"east": {
					"uv": [9.75, 6.625, 9.875, 7.75],
					"texture": "#0"
				},
				"south": {
					"uv": [7.25, 4.875, 7.75, 6],
					"texture": "#0"
				},
				"west": {
					"uv": [9.875, 6.625, 10, 7.75],
					"texture": "#0"
				},
				"up": {
					"uv": [4, 10.5, 3.5, 10.375],
					"texture": "#0"
				},
				"down": {
					"uv": [10.875, 4.75, 10.375, 4.875],
					"texture": "#0"
				}
			}
		}
	]
}