{
	"textures": {
		"0": "animated_java:blueprint/harben/texture",
		"particle": "minecraft:item/pufferfish"
	},
	"display": {
		"head": {
			"rotation": [0, 180, 0]
		}
	},
	"elements": [
		{
			"from": [8, -4, 6],
			"to": [12, 9, 10],
			"rotation": {
				"angle": 0,
				"axis": "y",
				"origin": [8, 6, 8]
			},
			"faces": {
				"north": {
					"uv": [5, 4.25, 5.5, 5.875],
					"texture": "#0"
				},
				"east": {
					"uv": [3, 5.375, 3.5, 7],
					"texture": "#0"
				},
				"south": {
					"uv": [3.5, 5.375, 4, 7],
					"texture": "#0"
				},
				"west": {
					"uv": [5.5, 0, 6, 1.625],
					"texture": "#0"
				},
				"up": {
					"uv": [6.125, 9.5, 5.625, 9],
					"texture": "#0"
				},
				"down": {
					"uv": [9.625, 0, 9.125, 0.5],
					"texture": "#0"
				}
			}
		},
		{
			"from": [8, 1, 10],
			"to": [12, 3, 11],
			"rotation": {
				"angle": 0,
				"axis": "y",
				"origin": [8, 6, 8]
			},
			"faces": {
				"north": {
					"uv": [9.875, 0, 10.375, 0.25],
					"texture": "#0"
				},
				"east": {
					"uv": [2.625, 9, 2.75, 9.25],
					"texture": "#0"
				},
				"south": {
					"uv": [9.875, 0.25, 10.375, 0.5],
					"texture": "#0"
				},
				"west": {
					"uv": [8.75, 9.375, 8.875, 9.625],
					"texture": "#0"
				},
				"up": {
					"uv": [10.875, 5, 10.375, 4.875],
					"texture": "#0"
				},
				"down": {
					"uv": [10.875, 5, 10.375, 5.125],
					"texture": "#0"
				}
			}
		},
		{
			"from": [8, 1, 5],
			"to": [12, 3, 6],
			"rotation": {
				"angle": 0,
				"axis": "y",
				"origin": [8, 6, 8]
			},
			"faces": {
				"north": {
					"uv": [9.875, 0.5, 10.375, 0.75],
					"texture": "#0"
				},
				"east": {
					"uv": [10.625, 10.625, 10.75, 10.875],
					"texture": "#0"
				},
				"south": {
					"uv": [10, 2.375, 10.5, 2.625],
					"texture": "#0"
				},
				"west": {
					"uv": [0, 10.75, 0.125, 11],
					"texture": "#0"
				},
				"up": {
					"uv": [6.125, 10.5, 5.625, 10.375],
					"texture": "#0"
				},
				"down": {
					"uv": [9.25, 10.375, 8.75, 10.5],
					"texture": "#0"
				}
			}
		},
		{
			"from": [12, 1, 6],
			"to": [13, 3, 10],
			"rotation": {
				"angle": 0,
				"axis": "y",
				"origin": [8, 6, 8]
			},
			"faces": {
				"north": {
					"uv": [0.125, 10.75, 0.25, 11],
					"texture": "#0"
				},
				"east": {
					"uv": [10, 5.625, 10.5, 5.875],
					"texture": "#0"
				},
				"south": {
					"uv": [0.25, 10.75, 0.375, 11],
					"texture": "#0"
				},
				"west": {
					"uv": [10, 5.875, 10.5, 6.125],
					"texture": "#0"
				},
				"up": {
					"uv": [2.375, 10.875, 2.25, 10.375],
					"texture": "#0"
				},
				"down": {
					"uv": [4.125, 10.375, 4, 10.875],
					"texture": "#0"
				}
			}
		},
		{
			"from": [7, 1, 6],
			"to": [8, 3, 10],
			"rotation": {
				"angle": 0,
				"axis": "y",
				"origin": [8, 6, 8]
			},
			"faces": {
				"north": {
					"uv": [0.375, 10.75, 0.5, 11],
					"texture": "#0"
				},
				"east": {
					"uv": [10, 6.125, 10.5, 6.375],
					"texture": "#0"
				},
				"south": {
					"uv": [10.75, 0.75, 10.875, 1],
					"texture": "#0"
				},
				"west": {
					"uv": [10, 6.375, 10.5, 6.625],
					"texture": "#0"
				},
				"up": {
					"uv": [4.25, 10.875, 4.125, 10.375],
					"texture": "#0"
				},
				"down": {
					"uv": [10.125, 10.375, 10, 10.875],
					"texture": "#0"
				}
			}
		},
		{
			"from": [8, 7, 10],
			"to": [12, 9, 11],
			"rotation": {
				"angle": 0,
				"axis": "y",
				"origin": [8, 6, 8]
			},
			"faces": {
				"north": {
					"uv": [10, 6.625, 10.5, 6.875],
					"texture": "#0"
				},
				"east": {
					"uv": [10.75, 1, 10.875, 1.25],
					"texture": "#0"
				},
				"south": {
					"uv": [10, 6.875, 10.5, 7.125],
					"texture": "#0"
				},
				"west": {
					"uv": [10.75, 1.5, 10.875, 1.75],
					"texture": "#0"
				},
				"up": {
					"uv": [10.625, 10.5, 10.125, 10.375],
					"texture": "#0"
				},
				"down": {
					"uv": [0.5, 10.5, 0, 10.625],
					"texture": "#0"
				}
			}
		},
		{
			"from": [7.003, 9.027, 5.998],
			"to": [12.008, 10.028, 10.002],
			"rotation": {
				"angle": -10,
				"axis": "z",
				"origin": [7.003, 6.024, 8]
			},
			"faces": {
				"north": {
					"uv": [10.25, 5.5, 10.875, 5.625],
					"texture": "#0"
				},
				"east": {
					"uv": [10.5, 0, 11, 0.125],
					"texture": "#0"
				},
				"south": {
					"uv": [10, 10.25, 10.625, 10.375],
					"texture": "#0"
				},
				"west": {
					"uv": [10.5, 0.125, 11, 0.25],
					"texture": "#0"
				},
				"up": {
					"uv": [9.375, 3.125, 8.75, 2.625],
					"texture": "#0"
				},
				"down": {
					"uv": [9.375, 3.625, 8.75, 4.125],
					"texture": "#0"
				}
			}
		},
		{
			"from": [8, 7, 5],
			"to": [12, 9, 6],
			"rotation": {
				"angle": 0,
				"axis": "y",
				"origin": [8, 6, 8]
			},
			"faces": {
				"north": {
					"uv": [10, 7.125, 10.5, 7.375],
					"texture": "#0"
				},
				"east": {
					"uv": [10.75, 1.75, 10.875, 2],
					"texture": "#0"
				},
				"south": {
					"uv": [10, 7.375, 10.5, 7.625],
					"texture": "#0"
				},
				"west": {
					"uv": [10.75, 2.375, 10.875, 2.625],
					"texture": "#0"
				},
				"up": {
					"uv": [11, 0.375, 10.5, 0.25],
					"texture": "#0"
				},
				"down": {
					"uv": [11, 0.375, 10.5, 0.5],
					"texture": "#0"
				}
			}
		},
		{
			"from": [12, 7, 6],
			"to": [13, 9, 10],
			"rotation": {
				"angle": 0,
				"axis": "y",
				"origin": [8, 6, 8]
			},
			"faces": {
				"north": {
					"uv": [3.75, 10.75, 3.875, 11],
					"texture": "#0"
				},
				"east": {
					"uv": [10, 8.125, 10.5, 8.375],
					"texture": "#0"
				},
				"south": {
					"uv": [3.875, 10.75, 4, 11],
					"texture": "#0"
				},
				"west": {
					"uv": [10, 8.375, 10.5, 8.625],
					"texture": "#0"
				},
				"up": {
					"uv": [3.25, 11, 3.125, 10.5],
					"texture": "#0"
				},
				"down": {
					"uv": [3.375, 10.5, 3.25, 11],
					"texture": "#0"
				}
			}
		},
		{
			"from": [7, 7, 6],
			"to": [8, 9, 10],
			"rotation": {
				"angle": 0,
				"axis": "y",
				"origin": [8, 6, 8]
			},
			"faces": {
				"north": {
					"uv": [4.25, 10.75, 4.375, 11],
					"texture": "#0"
				},
				"east": {
					"uv": [10, 8.625, 10.5, 8.875],
					"texture": "#0"
				},
				"south": {
					"uv": [4.375, 10.75, 4.5, 11],
					"texture": "#0"
				},
				"west": {
					"uv": [10, 8.875, 10.5, 9.125],
					"texture": "#0"
				},
				"up": {
					"uv": [3.625, 11, 3.5, 10.5],
					"texture": "#0"
				},
				"down": {
					"uv": [3.75, 10.5, 3.625, 11],
					"texture": "#0"
				}
			}
		}
	]
}