{
	"textures": {
		"0": "animated_java:blueprint/harben/texture",
		"particle": "minecraft:item/pufferfish"
	},
	"display": {
		"head": {
			"rotation": [0, 180, 0]
		}
	},
	"elements": [
		{
			"from": [7.07212, 6.15071, -16],
			"to": [8.9177, 7.9963, 7.99261],
			"rotation": {
				"angle": 0,
				"axis": "y",
				"origin": [7.98984, 7.98245, 7.99261]
			},
			"faces": {
				"north": {
					"uv": [10.5, 9.625, 10.75, 9.875],
					"texture": "#0"
				},
				"east": {
					"uv": [5.5, 2.625, 8.75, 2.875],
					"texture": "#0"
				},
				"south": {
					"uv": [10.5, 9.875, 10.75, 10.125],
					"texture": "#0"
				},
				"west": {
					"uv": [5.5, 2.875, 8.75, 3.125],
					"texture": "#0"
				},
				"up": {
					"uv": [5.75, 6.375, 5.5, 3.125],
					"texture": "#0"
				},
				"down": {
					"uv": [2.25, 5.625, 2, 8.875],
					"texture": "#0"
				}
			}
		}
	]
}