{
	"textures": {
		"0": "animated_java:blueprint/harben/texture",
		"particle": "minecraft:item/pufferfish"
	},
	"display": {
		"head": {
			"rotation": [0, 180, 0]
		}
	},
	"elements": [
		{
			"from": [7.46364, 7.46876, 8.26966],
			"to": [8.54229, 8.54742, 32],
			"rotation": {
				"angle": 0,
				"axis": "y",
				"origin": [8, 8, 8]
			},
			"faces": {
				"north": {
					"uv": [9, 10.5, 9.25, 10.75],
					"texture": "#0"
				},
				"east": {
					"uv": [1.5, 2.125, 7, 2.375],
					"texture": "#0"
				},
				"south": {
					"uv": [10.5, 9.375, 10.75, 9.625],
					"texture": "#0"
				},
				"west": {
					"uv": [1.5, 2.375, 7, 2.625],
					"texture": "#0"
				},
				"up": {
					"uv": [1.75, 8.125, 1.5, 2.625],
					"texture": "#0"
				},
				"down": {
					"uv": [2, 2.625, 1.75, 8.125],
					"texture": "#0"
				}
			}
		}
	]
}