{
	"textures": {
		"0": "animated_java:blueprint/harben/texture",
		"particle": "minecraft:item/pufferfish"
	},
	"display": {
		"head": {
			"rotation": [0, 180, 0]
		}
	},
	"elements": [
		{
			"from": [7.082, 6.16769, 8],
			"to": [8.92815, 8.01385, 32],
			"rotation": {
				"angle": 0,
				"axis": "y",
				"origin": [8, 8, 8]
			},
			"faces": {
				"north": {
					"uv": [10.125, 10.5, 10.375, 10.75],
					"texture": "#0"
				},
				"east": {
					"uv": [5.75, 3.125, 9, 3.375],
					"texture": "#0"
				},
				"south": {
					"uv": [10.375, 10.5, 10.625, 10.75],
					"texture": "#0"
				},
				"west": {
					"uv": [5.75, 3.375, 9, 3.625],
					"texture": "#0"
				},
				"up": {
					"uv": [2.5, 8.875, 2.25, 5.625],
					"texture": "#0"
				},
				"down": {
					"uv": [2.75, 5.625, 2.5, 8.875],
					"texture": "#0"
				}
			}
		}
	]
}