{
	"textures": {
		"0": "animated_java:blueprint/harben/texture",
		"particle": "minecraft:item/pufferfish"
	},
	"display": {
		"head": {
			"rotation": [0, 180, 0]
		}
	},
	"elements": [
		{
			"from": [4.504, 8.973, 4.5],
			"to": [11.496, 15.965, 11.492],
			"rotation": {
				"angle": 0,
				"axis": "y",
				"origin": [7, 8.973, 7]
			},
			"faces": {
				"north": {
					"uv": [3, 2.625, 4, 3.625],
					"texture": "#0"
				},
				"east": {
					"uv": [5.75, 5.125, 6.5, 6.125],
					"texture": "#0"
				},
				"south": {
					"uv": [0.5, 3.625, 1.5, 4.625],
					"texture": "#0"
				},
				"west": {
					"uv": [6, 0, 6.75, 1],
					"texture": "#0"
				},
				"up": {
					"uv": [7.125, 1.75, 6.125, 1],
					"texture": "#0"
				},
				"down": {
					"uv": [5, 6.125, 4, 6.875],
					"texture": "#0"
				}
			}
		}
	]
}