{
	"textures": {
		"0": "animated_java:blueprint/harben/texture",
		"particle": "minecraft:item/pufferfish"
	},
	"display": {
		"head": {
			"rotation": [0, 180, 0]
		}
	},
	"elements": [
		{
			"from": [6, -6, 6],
			"to": [10, 8, 10],
			"rotation": {
				"angle": 0,
				"axis": "y",
				"origin": [8, -6, 8]
			},
			"faces": {
				"north": {
					"uv": [4, 2.625, 4.5, 4.375],
					"texture": "#0"
				},
				"east": {
					"uv": [4, 4.375, 4.5, 6.125],
					"texture": "#0"
				},
				"south": {
					"uv": [4.5, 2.625, 5, 4.375],
					"texture": "#0"
				},
				"west": {
					"uv": [4.5, 4.375, 5, 6.125],
					"texture": "#0"
				},
				"up": {
					"uv": [2.5, 9.75, 2, 9.25],
					"texture": "#0"
				},
				"down": {
					"uv": [9.75, 4.125, 9.25, 4.625],
					"texture": "#0"
				}
			}
		},
		{
			"from": [6.001, -1, 5],
			"to": [10.001, 6, 6],
			"rotation": {
				"angle": 5,
				"axis": "x",
				"origin": [4, -1, 8]
			},
			"faces": {
				"north": {
					"uv": [1, 8.25, 1.5, 9.125],
					"texture": "#0"
				},
				"east": {
					"uv": [6.75, 10.125, 6.875, 11],
					"texture": "#0"
				},
				"south": {
					"uv": [8.25, 3.625, 8.75, 4.5],
					"texture": "#0"
				},
				"west": {
					"uv": [6.875, 10.125, 7, 11],
					"texture": "#0"
				},
				"up": {
					"uv": [11.125, 1.375, 10.625, 1.25],
					"texture": "#0"
				},
				"down": {
					"uv": [11.125, 1.375, 10.625, 1.5],
					"texture": "#0"
				}
			}
		},
		{
			"from": [6.01, 2.002, 8],
			"to": [10.014, 7.009, 10.002],
			"rotation": {
				"angle": 5,
				"axis": "x",
				"origin": [3.998, 0.006, 6.999]
			},
			"faces": {
				"north": {
					"uv": [7.875, 8.75, 8.375, 9.375],
					"texture": "#0"
				},
				"east": {
					"uv": [1.875, 9.75, 2.125, 10.375],
					"texture": "#0"
				},
				"south": {
					"uv": [8.375, 8.75, 8.875, 9.375],
					"texture": "#0"
				},
				"west": {
					"uv": [2.125, 9.75, 2.375, 10.375],
					"texture": "#0"
				},
				"up": {
					"uv": [10.625, 4.125, 10.125, 3.875],
					"texture": "#0"
				},
				"down": {
					"uv": [10.625, 4.125, 10.125, 4.375],
					"texture": "#0"
				}
			}
		},
		{
			"from": [9.996, -0.6055, 6.002],
			"to": [10.995, 6.3875, 9.998],
			"rotation": {
				"angle": 7.5,
				"axis": "z",
				"origin": [8.997, -1.005, 8]
			},
			"faces": {
				"north": {
					"uv": [7, 10.125, 7.125, 11],
					"texture": "#0"
				},
				"east": {
					"uv": [4, 8.25, 4.5, 9.125],
					"texture": "#0"
				},
				"south": {
					"uv": [7.125, 10.125, 7.25, 11],
					"texture": "#0"
				},
				"west": {
					"uv": [8.25, 4.5, 8.75, 5.375],
					"texture": "#0"
				},
				"up": {
					"uv": [1, 11.125, 0.875, 10.625],
					"texture": "#0"
				},
				"down": {
					"uv": [10.75, 1.5, 10.625, 2],
					"texture": "#0"
				}
			}
		}
	]
}