{
	"textures": {
		"0": "animated_java:blueprint/harben/texture",
		"particle": "minecraft:item/pufferfish"
	},
	"display": {
		"head": {
			"rotation": [0, 180, 0]
		}
	},
	"elements": [
		{
			"from": [6, -6, 6],
			"to": [10, 8, 10],
			"rotation": {
				"angle": 0,
				"axis": "y",
				"origin": [8, -6, 8]
			},
			"faces": {
				"north": {
					"uv": [3, 3.625, 3.5, 5.375],
					"texture": "#0"
				},
				"east": {
					"uv": [3.5, 3.625, 4, 5.375],
					"texture": "#0"
				},
				"south": {
					"uv": [2, 3.875, 2.5, 5.625],
					"texture": "#0"
				},
				"west": {
					"uv": [2.5, 3.875, 3, 5.625],
					"texture": "#0"
				},
				"up": {
					"uv": [9.375, 9.625, 8.875, 9.125],
					"texture": "#0"
				},
				"down": {
					"uv": [2, 9.25, 1.5, 9.75],
					"texture": "#0"
				}
			}
		},
		{
			"from": [5.999, 1.99799, 8],
			"to": [9.999, 6.99999, 10],
			"rotation": {
				"angle": 5,
				"axis": "x",
				"origin": [8, -0.00001, 7]
			},
			"faces": {
				"north": {
					"uv": [8.75, 4.125, 9.25, 4.75],
					"texture": "#0"
				},
				"east": {
					"uv": [8.75, 9.625, 9, 10.25],
					"texture": "#0"
				},
				"south": {
					"uv": [8.75, 4.75, 9.25, 5.375],
					"texture": "#0"
				},
				"west": {
					"uv": [9, 9.625, 9.25, 10.25],
					"texture": "#0"
				},
				"up": {
					"uv": [10.625, 3, 10.125, 2.75],
					"texture": "#0"
				},
				"down": {
					"uv": [10.625, 3.625, 10.125, 3.875],
					"texture": "#0"
				}
			}
		},
		{
			"from": [5.999, -1, 5],
			"to": [9.999, 6, 6],
			"rotation": {
				"angle": 5,
				"axis": "x",
				"origin": [8, -1, 8]
			},
			"faces": {
				"north": {
					"uv": [3.5, 8.125, 4, 9],
					"texture": "#0"
				},
				"east": {
					"uv": [6.25, 10.125, 6.375, 11],
					"texture": "#0"
				},
				"south": {
					"uv": [5.625, 8.125, 6.125, 9],
					"texture": "#0"
				},
				"west": {
					"uv": [6.375, 10.125, 6.5, 11],
					"texture": "#0"
				},
				"up": {
					"uv": [11, 3.625, 10.5, 3.5],
					"texture": "#0"
				},
				"down": {
					"uv": [0.5, 10.625, 0, 10.75],
					"texture": "#0"
				}
			}
		},
		{
			"from": [5.005, -1.005, 6.002],
			"to": [6.004, 5.988, 9.998],
			"rotation": {
				"angle": -7.5,
				"axis": "z",
				"origin": [8.002, -1.005, 8]
			},
			"faces": {
				"north": {
					"uv": [6.5, 10.125, 6.625, 11],
					"texture": "#0"
				},
				"east": {
					"uv": [0, 8.25, 0.5, 9.125],
					"texture": "#0"
				},
				"south": {
					"uv": [6.625, 10.125, 6.75, 11],
					"texture": "#0"
				},
				"west": {
					"uv": [0.5, 8.25, 1, 9.125],
					"texture": "#0"
				},
				"up": {
					"uv": [0.875, 11.125, 0.75, 10.625],
					"texture": "#0"
				},
				"down": {
					"uv": [10.75, 0.75, 10.625, 1.25],
					"texture": "#0"
				}
			}
		}
	]
}