{
	"textures": {
		"0": "animated_java:blueprint/harben/texture",
		"particle": "minecraft:item/pufferfish"
	},
	"display": {
		"head": {
			"rotation": [0, 180, 0]
		}
	},
	"elements": [
		{
			"from": [4.008, 0.972, 6.004],
			"to": [11.992, 14.946, 9.996],
			"rotation": {
				"angle": 0,
				"axis": "y",
				"origin": [14.986, 1.97, 8]
			},
			"faces": {
				"north": {
					"uv": [0, 0, 1, 1.625],
					"texture": "#0"
				},
				"east": {
					"uv": [4, 0, 4.5, 1.625],
					"texture": "#0"
				},
				"south": {
					"uv": [1, 0, 2, 1.625],
					"texture": "#0"
				},
				"west": {
					"uv": [4.5, 0, 5, 1.625],
					"texture": "#0"
				},
				"up": {
					"uv": [8, 2.5, 7, 2],
					"texture": "#0"
				},
				"down": {
					"uv": [8, 7.5, 7, 8],
					"texture": "#0"
				}
			}
		},
		{
			"from": [4.004, 0.985, 8],
			"to": [11.996, 12.974, 10.997],
			"rotation": {
				"angle": 5,
				"axis": "x",
				"origin": [14.993, 1.985, 8]
			},
			"faces": {
				"north": {
					"uv": [2, 0, 3, 1.5],
					"texture": "#0"
				},
				"east": {
					"uv": [2.75, 7, 3.125, 8.5],
					"texture": "#0"
				},
				"south": {
					"uv": [0.5, 2.125, 1.5, 3.625],
					"texture": "#0"
				},
				"west": {
					"uv": [3.125, 7, 3.5, 8.5],
					"texture": "#0"
				},
				"up": {
					"uv": [4, 1.625, 3, 1.25],
					"texture": "#0"
				},
				"down": {
					"uv": [9, 2.25, 8, 2.625],
					"texture": "#0"
				}
			}
		},
		{
			"from": [1.994, -3.991, 5.998],
			"to": [2.995, 3.016, 10.002],
			"rotation": {
				"angle": -15,
				"axis": "z",
				"origin": [6.999, -6.994, 8]
			},
			"faces": {
				"north": {
					"uv": [3.375, 10, 3.5, 10.875],
					"texture": "#0"
				},
				"east": {
					"uv": [7.375, 8, 7.875, 8.875],
					"texture": "#0"
				},
				"south": {
					"uv": [5.25, 10.125, 5.375, 11],
					"texture": "#0"
				},
				"west": {
					"uv": [8, 7.5, 8.5, 8.375],
					"texture": "#0"
				},
				"up": {
					"uv": [4.375, 10.75, 4.25, 10.25],
					"texture": "#0"
				},
				"down": {
					"uv": [4.5, 10.25, 4.375, 10.75],
					"texture": "#0"
				}
			}
		},
		{
			"from": [13.005, -3.991, 5.998],
			"to": [14.006, 3.016, 10.002],
			"rotation": {
				"angle": 15,
				"axis": "z",
				"origin": [8, -6.994, 8]
			},
			"faces": {
				"north": {
					"uv": [5.375, 10.125, 5.5, 11],
					"texture": "#0"
				},
				"east": {
					"uv": [8.125, 0.75, 8.625, 1.625],
					"texture": "#0"
				},
				"south": {
					"uv": [6.125, 10.125, 6.25, 11],
					"texture": "#0"
				},
				"west": {
					"uv": [1.5, 8.125, 2, 9],
					"texture": "#0"
				},
				"up": {
					"uv": [4.875, 10.75, 4.75, 10.25],
					"texture": "#0"
				},
				"down": {
					"uv": [5, 10.25, 4.875, 10.75],
					"texture": "#0"
				}
			}
		},
		{
			"from": [4.008, -2.02498, 10.997],
			"to": [11.992, 3.95603, 11.993],
			"rotation": {
				"angle": -30,
				"axis": "x",
				"origin": [14.98601, -1.02598, 8.999]
			},
			"faces": {
				"north": {
					"uv": [5.75, 3.625, 6.75, 4.375],
					"texture": "#0"
				},
				"east": {
					"uv": [7.5, 10.125, 7.625, 10.875],
					"texture": "#0"
				},
				"south": {
					"uv": [5.75, 4.375, 6.75, 5.125],
					"texture": "#0"
				},
				"west": {
					"uv": [7.625, 10.125, 7.75, 10.875],
					"texture": "#0"
				},
				"up": {
					"uv": [3, 1.625, 2, 1.5],
					"texture": "#0"
				},
				"down": {
					"uv": [8, 2.5, 7, 2.625],
					"texture": "#0"
				}
			}
		},
		{
			"from": [4.008, -2.02498, 3.997],
			"to": [11.992, 2.95603, 4.993],
			"rotation": {
				"angle": 15,
				"axis": "x",
				"origin": [14.98601, -2.02598, 8.999]
			},
			"faces": {
				"north": {
					"uv": [6.75, 3.625, 7.75, 4.25],
					"texture": "#0"
				},
				"east": {
					"uv": [6, 1, 6.125, 1.625],
					"texture": "#0"
				},
				"south": {
					"uv": [6.75, 4.25, 7.75, 4.875],
					"texture": "#0"
				},
				"west": {
					"uv": [9.5, 10.125, 9.625, 10.75],
					"texture": "#0"
				},
				"up": {
					"uv": [10.625, 0.875, 9.625, 0.75],
					"texture": "#0"
				},
				"down": {
					"uv": [10.75, 4.5, 9.75, 4.625],
					"texture": "#0"
				}
			}
		},
		{
			"from": [4.004, 2.985, 4],
			"to": [11.996, 14.974, 6.997],
			"rotation": {
				"angle": 5,
				"axis": "x",
				"origin": [14.993, 1.985, 8]
			},
			"faces": {
				"north": {
					"uv": [2, 2.625, 3, 3.875],
					"texture": "#0"
				},
				"east": {
					"uv": [5.25, 8, 5.625, 9.25],
					"texture": "#0"
				},
				"south": {
					"uv": [3, 0, 4, 1.25],
					"texture": "#0"
				},
				"west": {
					"uv": [7, 8, 7.375, 9.25],
					"texture": "#0"
				},
				"up": {
					"uv": [9.25, 7, 8.25, 6.625],
					"texture": "#0"
				},
				"down": {
					"uv": [9.25, 7, 8.25, 7.375],
					"texture": "#0"
				}
			}
		},
		{
			"from": [4, 0.00098, 4.996],
			"to": [12, 4.99397, 6.996],
			"rotation": {
				"angle": -15,
				"axis": "x",
				"origin": [14.99999, 1.99998, 8]
			},
			"faces": {
				"north": {
					"uv": [4, 6.875, 5, 7.5],
					"texture": "#0"
				},
				"east": {
					"uv": [4, 9.625, 4.25, 10.25],
					"texture": "#0"
				},
				"south": {
					"uv": [6.5, 6.875, 7.5, 7.5],
					"texture": "#0"
				},
				"west": {
					"uv": [4.25, 9.625, 4.5, 10.25],
					"texture": "#0"
				},
				"up": {
					"uv": [10, 2.625, 9, 2.375],
					"texture": "#0"
				},
				"down": {
					"uv": [10, 5.625, 9, 5.875],
					"texture": "#0"
				}
			}
		},
		{
			"from": [4, 8, 16],
			"to": [12, 11, 18],
			"rotation": {
				"angle": -40,
				"axis": "x",
				"origin": [15, 2, 8]
			},
			"faces": {
				"north": {
					"uv": [7.875, 8.375, 8.875, 8.75],
					"texture": "#0"
				},
				"east": {
					"uv": [7.75, 5.625, 8, 6],
					"texture": "#0"
				},
				"south": {
					"uv": [8.5, 7.375, 9.5, 7.75],
					"texture": "#0"
				},
				"west": {
					"uv": [10.125, 4.75, 10.375, 5.125],
					"texture": "#0"
				},
				"up": {
					"uv": [10, 6.125, 9, 5.875],
					"texture": "#0"
				},
				"down": {
					"uv": [1, 9.125, 0, 9.375],
					"texture": "#0"
				}
			}
		}
	]
}