{
	"textures": {
		"0": "animated_java:blueprint/harben/texture",
		"particle": "minecraft:item/pufferfish"
	},
	"display": {
		"head": {
			"rotation": [0, 180, 0]
		}
	},
	"elements": [
		{
			"from": [4.997, 9.001, 12.2],
			"to": [11.003, 16.008, 13.202],
			"rotation": {
				"angle": 0,
				"axis": "y",
				"origin": [8, 8, 8]
			},
			"faces": {
				"north": {
					"uv": [5.75, 6.125, 6.5, 7],
					"texture": "#0"
				},
				"east": {
					"uv": [7.25, 10.125, 7.375, 11],
					"texture": "#0"
				},
				"south": {
					"uv": [0.5, 6.25, 1.25, 7.125],
					"texture": "#0"
				},
				"west": {
					"uv": [7.375, 10.125, 7.5, 11],
					"texture": "#0"
				},
				"up": {
					"uv": [10.875, 9.25, 10.125, 9.125],
					"texture": "#0"
				},
				"down": {
					"uv": [10.875, 9.25, 10.125, 9.375],
					"texture": "#0"
				}
			}
		},
		{
			"from": [4.997, 10.001, 6.9],
			"to": [11.003, 13.008, 7.902],
			"rotation": {
				"angle": 45,
				"axis": "x",
				"origin": [8, 6, 6]
			},
			"faces": {
				"north": {
					"uv": [6.125, 1.75, 6.875, 2.125],
					"texture": "#0"
				},
				"east": {
					"uv": [7.875, 8, 8, 8.375],
					"texture": "#0"
				},
				"south": {
					"uv": [9, 3.125, 9.75, 3.5],
					"texture": "#0"
				},
				"west": {
					"uv": [10.625, 10.25, 10.75, 10.625],
					"texture": "#0"
				},
				"up": {
					"uv": [10.75, 10.25, 10, 10.125],
					"texture": "#0"
				},
				"down": {
					"uv": [0.75, 10.25, 0, 10.375],
					"texture": "#0"
				}
			}
		},
		{
			"from": [4.997, 9.001, 3.004],
			"to": [11.003, 15.008, 4.006],
			"rotation": {
				"angle": 0,
				"axis": "y",
				"origin": [8, 8, 8]
			},
			"faces": {
				"north": {
					"uv": [5, 7.25, 5.75, 8],
					"texture": "#0"
				},
				"east": {
					"uv": [8.625, 10.125, 8.75, 10.875],
					"texture": "#0"
				},
				"south": {
					"uv": [7.25, 6, 8, 6.75],
					"texture": "#0"
				},
				"west": {
					"uv": [9.375, 10.125, 9.5, 10.875],
					"texture": "#0"
				},
				"up": {
					"uv": [4.25, 10.375, 3.5, 10.25],
					"texture": "#0"
				},
				"down": {
					"uv": [11, 5.375, 10.25, 5.5],
					"texture": "#0"
				}
			}
		},
		{
			"from": [4.497, 12.504, 5.992],
			"to": [11.503, 13.506, 9.999],
			"rotation": {
				"angle": 20,
				"axis": "x",
				"origin": [8, 9, 16.5]
			},
			"faces": {
				"north": {
					"uv": [8.125, 1.625, 9, 1.75],
					"texture": "#0"
				},
				"east": {
					"uv": [10.625, 2, 11.125, 2.125],
					"texture": "#0"
				},
				"south": {
					"uv": [10.125, 4.625, 11, 4.75],
					"texture": "#0"
				},
				"west": {
					"uv": [10.625, 2.125, 11.125, 2.25],
					"texture": "#0"
				},
				"up": {
					"uv": [8.875, 6.625, 8, 6.125],
					"texture": "#0"
				},
				"down": {
					"uv": [9.125, 0, 8.25, 0.5],
					"texture": "#0"
				}
			}
		},
		{
			"from": [3.997, 17.473, 4.992],
			"to": [12.003, 18.475, 8.999],
			"rotation": {
				"angle": -12.5,
				"axis": "x",
				"origin": [8, 14.473, 17]
			},
			"faces": {
				"north": {
					"uv": [10, 7.625, 11, 7.75],
					"texture": "#0"
				},
				"east": {
					"uv": [10.625, 2.25, 11.125, 2.375],
					"texture": "#0"
				},
				"south": {
					"uv": [10.125, 4.375, 11.125, 4.5],
					"texture": "#0"
				},
				"west": {
					"uv": [10.625, 2.75, 11.125, 2.875],
					"texture": "#0"
				},
				"up": {
					"uv": [9, 2.25, 8, 1.75],
					"texture": "#0"
				},
				"down": {
					"uv": [9, 5.625, 8, 6.125],
					"texture": "#0"
				}
			}
		},
		{
			"from": [10.9, 8.973, 4],
			"to": [12.9, 15.973, 10],
			"rotation": {
				"angle": -30,
				"axis": "y",
				"origin": [6, 7.973, 8]
			},
			"faces": {
				"north": {
					"uv": [7.125, 9.25, 7.375, 10.125],
					"texture": "#0"
				},
				"east": {
					"uv": [5, 6.375, 5.75, 7.25],
					"texture": "#0"
				},
				"south": {
					"uv": [0, 9.375, 0.25, 10.25],
					"texture": "#0"
				},
				"west": {
					"uv": [6.5, 5.125, 7.25, 6],
					"texture": "#0"
				},
				"up": {
					"uv": [8.5, 10.125, 8.25, 9.375],
					"texture": "#0"
				},
				"down": {
					"uv": [8.75, 9.375, 8.5, 10.125],
					"texture": "#0"
				}
			}
		},
		{
			"from": [11.5, 8.973, 4],
			"to": [13.5, 14.973, 10],
			"rotation": {
				"angle": 22.5,
				"axis": "y",
				"origin": [8, 7.973, 8]
			},
			"faces": {
				"north": {
					"uv": [9.375, 9.375, 9.625, 10.125],
					"texture": "#0"
				},
				"east": {
					"uv": [7.5, 0, 8.25, 0.75],
					"texture": "#0"
				},
				"south": {
					"uv": [3.5, 9.5, 3.75, 10.25],
					"texture": "#0"
				},
				"west": {
					"uv": [4, 7.5, 4.75, 8.25],
					"texture": "#0"
				},
				"up": {
					"uv": [4, 10.25, 3.75, 9.5],
					"texture": "#0"
				},
				"down": {
					"uv": [5, 9.5, 4.75, 10.25],
					"texture": "#0"
				}
			}
		},
		{
			"from": [3.1, 8.973, 4],
			"to": [5.1, 15.973, 10],
			"rotation": {
				"angle": 30,
				"axis": "y",
				"origin": [10, 7.973, 8]
			},
			"faces": {
				"north": {
					"uv": [0.25, 9.375, 0.5, 10.25],
					"texture": "#0"
				},
				"east": {
					"uv": [6.5, 6, 7.25, 6.875],
					"texture": "#0"
				},
				"south": {
					"uv": [0.5, 9.375, 0.75, 10.25],
					"texture": "#0"
				},
				"west": {
					"uv": [6.75, 0, 7.5, 0.875],
					"texture": "#0"
				},
				"up": {
					"uv": [5.25, 10.25, 5, 9.5],
					"texture": "#0"
				},
				"down": {
					"uv": [5.875, 9.5, 5.625, 10.25],
					"texture": "#0"
				}
			}
		},
		{
			"from": [2.5, 8.973, 4],
			"to": [4.5, 14.973, 10],
			"rotation": {
				"angle": -22.5,
				"axis": "y",
				"origin": [8, 7.973, 8]
			},
			"faces": {
				"north": {
					"uv": [5.875, 9.5, 6.125, 10.25],
					"texture": "#0"
				},
				"east": {
					"uv": [6.25, 7.5, 7, 8.25],
					"texture": "#0"
				},
				"south": {
					"uv": [9.5, 6.625, 9.75, 7.375],
					"texture": "#0"
				},
				"west": {
					"uv": [7.5, 6.75, 8.25, 7.5],
					"texture": "#0"
				},
				"up": {
					"uv": [9.75, 8.125, 9.5, 7.375],
					"texture": "#0"
				},
				"down": {
					"uv": [9.875, 0, 9.625, 0.75],
					"texture": "#0"
				}
			}
		}
	]
}