{
	"textures": {
		"0": "animated_java:blueprint/harben/texture",
		"particle": "minecraft:item/pufferfish"
	},
	"display": {
		"head": {
			"rotation": [0, 180, 0]
		}
	},
	"elements": [
		{
			"from": [7.05, 7.14, 8.07],
			"to": [9.07, 8.65, 15.14],
			"rotation": {
				"angle": 0,
				"axis": "y",
				"origin": [8.06, 8.15, 8.07]
			},
			"faces": {
				"north": {
					"uv": [10.625, 3.875, 10.875, 4.0625],
					"texture": "#0"
				},
				"east": {
					"uv": [9.75, 3, 10.625, 3.1875],
					"texture": "#0"
				},
				"south": {
					"uv": [10.625, 4.125, 10.875, 4.3125],
					"texture": "#0"
				},
				"west": {
					"uv": [9.75, 3.25, 10.625, 3.4375],
					"texture": "#0"
				},
				"up": {
					"uv": [6.875, 10.125, 6.625, 9.25],
					"texture": "#0"
				},
				"down": {
					"uv": [7.125, 9.25, 6.875, 10.125],
					"texture": "#0"
				}
			}
		}
	]
}