{
	"textures": {
		"0": "animated_java:blueprint/harben/texture",
		"particle": "minecraft:item/pufferfish"
	},
	"display": {
		"head": {
			"rotation": [0, 180, 0]
		}
	},
	"elements": [
		{
			"from": [7, 7, 8],
			"to": [9, 8.5, 15],
			"rotation": {
				"angle": 0,
				"axis": "y",
				"origin": [8, 8, 8]
			},
			"faces": {
				"north": {
					"uv": [2.5, 10.625, 2.75, 10.8125],
					"texture": "#0"
				},
				"east": {
					"uv": [9.625, 9.375, 10.5, 9.5625],
					"texture": "#0"
				},
				"south": {
					"uv": [10.625, 2.875, 10.875, 3.0625],
					"texture": "#0"
				},
				"west": {
					"uv": [9.625, 9.625, 10.5, 9.8125],
					"texture": "#0"
				},
				"up": {
					"uv": [2.75, 10.125, 2.5, 9.25],
					"texture": "#0"
				},
				"down": {
					"uv": [5.5, 9.25, 5.25, 10.125],
					"texture": "#0"
				}
			}
		}
	]
}