{
	"textures": {
		"0": "animated_java:blueprint/harben/texture",
		"particle": "minecraft:item/pufferfish"
	},
	"display": {
		"head": {
			"rotation": [0, 180, 0]
		}
	},
	"elements": [
		{
			"from": [7, 7, 7],
			"to": [9, 9, 9],
			"rotation": {
				"angle": 0,
				"axis": "y",
				"origin": [4, 8, 8]
			},
			"faces": {
				"north": {
					"uv": [3.75, 10.5, 4, 10.75],
					"texture": "#0"
				},
				"east": {
					"uv": [5.625, 10.5, 5.875, 10.75],
					"texture": "#0"
				},
				"south": {
					"uv": [10.5, 5.625, 10.75, 5.875],
					"texture": "#0"
				},
				"west": {
					"uv": [5.875, 10.5, 6.125, 10.75],
					"texture": "#0"
				},
				"up": {
					"uv": [10.75, 6.125, 10.5, 5.875],
					"texture": "#0"
				},
				"down": {
					"uv": [10.75, 6.125, 10.5, 6.375],
					"texture": "#0"
				}
			}
		}
	]
}