{
	"textures": {
		"0": "animated_java:blueprint/harben/texture",
		"particle": "minecraft:item/pufferfish"
	},
	"display": {
		"head": {
			"rotation": [0, 180, 0]
		}
	},
	"elements": [
		{
			"from": [7, 7, 8],
			"to": [9, 8.5, 15],
			"rotation": {
				"angle": 0,
				"axis": "y",
				"origin": [8, 8, 8]
			},
			"faces": {
				"north": {
					"uv": [10.625, 3.125, 10.875, 3.3125],
					"texture": "#0"
				},
				"east": {
					"uv": [1, 9.75, 1.875, 9.9375],
					"texture": "#0"
				},
				"south": {
					"uv": [10.625, 3.625, 10.875, 3.8125],
					"texture": "#0"
				},
				"west": {
					"uv": [9.75, 1.375, 10.625, 1.5625],
					"texture": "#0"
				},
				"up": {
					"uv": [6.375, 10.125, 6.125, 9.25],
					"texture": "#0"
				},
				"down": {
					"uv": [6.625, 9.25, 6.375, 10.125],
					"texture": "#0"
				}
			}
		}
	]
}