{
	"textures": {
		"0": "animated_java:blueprint/harben/texture",
		"particle": "minecraft:item/pufferfish"
	},
	"display": {
		"head": {
			"rotation": [0, 180, 0]
		}
	},
	"elements": [
		{
			"from": [7.48999, 5.99898, 6],
			"to": [8.50999, 8.03898, 15.14],
			"rotation": {
				"angle": 0,
				"axis": "y",
				"origin": [7.98799, 8, 8]
			},
			"faces": {
				"north": {
					"uv": [10.75, 8.125, 10.875, 8.375],
					"texture": "#0"
				},
				"east": {
					"uv": [9, 1.875, 10.125, 2.125],
					"texture": "#0"
				},
				"south": {
					"uv": [10.75, 8.375, 10.875, 8.625],
					"texture": "#0"
				},
				"west": {
					"uv": [9, 2.125, 10.125, 2.375],
					"texture": "#0"
				},
				"up": {
					"uv": [1.75, 11.125, 1.625, 10],
					"texture": "#0"
				},
				"down": {
					"uv": [1.875, 10, 1.75, 11.125],
					"texture": "#0"
				}
			}
		}
	]
}