{
	"textures": {
		"0": "animated_java:blueprint/harben/texture",
		"particle": "minecraft:item/pufferfish"
	},
	"display": {
		"head": {
			"rotation": [0, 180, 0]
		}
	},
	"elements": [
		{
			"from": [7.49349, 6.002, 6],
			"to": [8.49449, 8.004, 15.002],
			"rotation": {
				"angle": 0,
				"axis": "y",
				"origin": [8, 8.004, 8]
			},
			"faces": {
				"north": {
					"uv": [10.75, 6.625, 10.875, 6.875],
					"texture": "#0"
				},
				"east": {
					"uv": [8.875, 8.625, 10, 8.875],
					"texture": "#0"
				},
				"south": {
					"uv": [10.75, 6.875, 10.875, 7.125],
					"texture": "#0"
				},
				"west": {
					"uv": [8.875, 8.875, 10, 9.125],
					"texture": "#0"
				},
				"up": {
					"uv": [1.25, 11.125, 1.125, 10],
					"texture": "#0"
				},
				"down": {
					"uv": [1.375, 10, 1.25, 11.125],
					"texture": "#0"
				}
			}
		}
	]
}