{
	"textures": {
		"0": "animated_java:blueprint/harben/texture",
		"particle": "minecraft:item/pufferfish"
	},
	"display": {
		"head": {
			"rotation": [0, 180, 0]
		}
	},
	"elements": [
		{
			"from": [7.5055, 6.01, 6.014],
			"to": [8.5065, 8.012, 15.022],
			"rotation": {
				"angle": 0,
				"axis": "y",
				"origin": [8.006, 8.013, 8.014]
			},
			"faces": {
				"north": {
					"uv": [10.75, 5.875, 10.875, 6.125],
					"texture": "#0"
				},
				"east": {
					"uv": [8.625, 1.375, 9.75, 1.625],
					"texture": "#0"
				},
				"south": {
					"uv": [6, 10.75, 6.125, 11],
					"texture": "#0"
				},
				"west": {
					"uv": [8.875, 6.125, 10, 6.375],
					"texture": "#0"
				},
				"up": {
					"uv": [9.75, 11, 9.625, 9.875],
					"texture": "#0"
				},
				"down": {
					"uv": [9.875, 9.875, 9.75, 11],
					"texture": "#0"
				}
			}
		}
	]
}