{
	"textures": {
		"0": "animated_java:blueprint/harben/texture",
		"particle": "minecraft:item/pufferfish"
	},
	"display": {
		"head": {
			"rotation": [0, 180, 0]
		}
	},
	"elements": [
		{
			"from": [6.993, 6.985, 4.986],
			"to": [8.991, 8.983, 8.984],
			"rotation": {
				"angle": 0,
				"axis": "y",
				"origin": [7.994, 7.985, 7.974]
			},
			"faces": {
				"north": {
					"uv": [10.5, 6.375, 10.75, 6.625],
					"texture": "#0"
				},
				"east": {
					"uv": [10.125, 1.875, 10.625, 2.125],
					"texture": "#0"
				},
				"south": {
					"uv": [10.5, 6.625, 10.75, 6.875],
					"texture": "#0"
				},
				"west": {
					"uv": [10.125, 2.125, 10.625, 2.375],
					"texture": "#0"
				},
				"up": {
					"uv": [1, 10.625, 0.75, 10.125],
					"texture": "#0"
				},
				"down": {
					"uv": [2.75, 10.125, 2.5, 10.625],
					"texture": "#0"
				}
			}
		}
	]
}