{
	"textures": {
		"0": "animated_java:blueprint/harben/texture",
		"particle": "minecraft:item/pufferfish"
	},
	"display": {
		"head": {
			"rotation": [0, 180, 0]
		}
	},
	"elements": [
		{
			"from": [7, 7, 1],
			"to": [9, 9, 8],
			"rotation": {
				"angle": 0,
				"axis": "y",
				"origin": [8, 8, 8]
			},
			"faces": {
				"north": {
					"uv": [8.75, 10.5, 9, 10.75],
					"texture": "#0"
				},
				"east": {
					"uv": [9.25, 4.625, 10.125, 4.875],
					"texture": "#0"
				},
				"south": {
					"uv": [10.5, 8.875, 10.75, 9.125],
					"texture": "#0"
				},
				"west": {
					"uv": [9.25, 4.875, 10.125, 5.125],
					"texture": "#0"
				},
				"up": {
					"uv": [3, 6.5, 2.75, 5.625],
					"texture": "#0"
				},
				"down": {
					"uv": [1.5, 6.25, 1.25, 7.125],
					"texture": "#0"
				}
			}
		}
	]
}