{
	"textures": {
		"0": "animated_java:blueprint/harben/texture",
		"particle": "minecraft:item/pufferfish"
	},
	"display": {
		"head": {
			"rotation": [0, 180, 0]
		}
	},
	"elements": [
		{
			"from": [7.5, 6, 6],
			"to": [8.5, 8, 15],
			"rotation": {
				"angle": 0,
				"axis": "y",
				"origin": [8, 8, 8]
			},
			"faces": {
				"north": {
					"uv": [10.75, 6.125, 10.875, 6.375],
					"texture": "#0"
				},
				"east": {
					"uv": [8.875, 6.375, 10, 6.625],
					"texture": "#0"
				},
				"south": {
					"uv": [10.75, 6.375, 10.875, 6.625],
					"texture": "#0"
				},
				"west": {
					"uv": [8.875, 8.375, 10, 8.625],
					"texture": "#0"
				},
				"up": {
					"uv": [10, 11, 9.875, 9.875],
					"texture": "#0"
				},
				"down": {
					"uv": [1.125, 10, 1, 11.125],
					"texture": "#0"
				}
			}
		}
	]
}