{
	"textures": {
		"0": "animated_java:blueprint/harben/texture",
		"particle": "minecraft:item/pufferfish"
	},
	"display": {
		"head": {
			"rotation": [0, 180, 0]
		}
	},
	"elements": [
		{
			"from": [7, 7, 7],
			"to": [9, 9, 9],
			"rotation": {
				"angle": 0,
				"axis": "y",
				"origin": [10, 8, 9]
			},
			"faces": {
				"north": {
					"uv": [10.5, 6.875, 10.75, 7.125],
					"texture": "#0"
				},
				"east": {
					"uv": [10.5, 7.125, 10.75, 7.375],
					"texture": "#0"
				},
				"south": {
					"uv": [10.5, 7.375, 10.75, 7.625],
					"texture": "#0"
				},
				"west": {
					"uv": [10.5, 8.125, 10.75, 8.375],
					"texture": "#0"
				},
				"up": {
					"uv": [10.75, 8.625, 10.5, 8.375],
					"texture": "#0"
				},
				"down": {
					"uv": [10.75, 8.625, 10.5, 8.875],
					"texture": "#0"
				}
			}
		}
	]
}