{
	"textures": {
		"0": "animated_java:blueprint/harben/texture",
		"particle": "minecraft:item/pufferfish"
	},
	"display": {
		"head": {
			"rotation": [0, 180, 0]
		}
	},
	"elements": [
		{
			"from": [7.003, 7.001, 5.012],
			"to": [9.001, 8.999, 9.01],
			"rotation": {
				"angle": 0,
				"axis": "y",
				"origin": [8, 8, 8]
			},
			"faces": {
				"north": {
					"uv": [8.25, 0.5, 8.5, 0.75],
					"texture": "#0"
				},
				"east": {
					"uv": [10.125, 1.125, 10.625, 1.375],
					"texture": "#0"
				},
				"south": {
					"uv": [10.5, 2.375, 10.75, 2.625],
					"texture": "#0"
				},
				"west": {
					"uv": [10.125, 1.625, 10.625, 1.875],
					"texture": "#0"
				},
				"up": {
					"uv": [5, 8, 4.75, 7.5],
					"texture": "#0"
				},
				"down": {
					"uv": [3.375, 10, 3.125, 10.5],
					"texture": "#0"
				}
			}
		}
	]
}