{
	"textures": {
		"0": "animated_java:blueprint/harben/texture",
		"particle": "minecraft:item/pufferfish"
	},
	"display": {
		"head": {
			"rotation": [0, 180, 0]
		}
	},
	"elements": [
		{
			"from": [7.50551, 6.01202, 6.01801],
			"to": [8.50651, 8.01402, 15.02501],
			"rotation": {
				"angle": 0,
				"axis": "y",
				"origin": [8.00601, 8.01402, 8.01801]
			},
			"faces": {
				"north": {
					"uv": [10.75, 7.125, 10.875, 7.375],
					"texture": "#0"
				},
				"east": {
					"uv": [1.5, 9, 2.625, 9.25],
					"texture": "#0"
				},
				"south": {
					"uv": [10.75, 7.375, 10.875, 7.625],
					"texture": "#0"
				},
				"west": {
					"uv": [9, 1.625, 10.125, 1.875],
					"texture": "#0"
				},
				"up": {
					"uv": [1.5, 11.125, 1.375, 10],
					"texture": "#0"
				},
				"down": {
					"uv": [1.625, 10, 1.5, 11.125],
					"texture": "#0"
				}
			}
		}
	]
}