{
	"textures": {
		"0": "animated_java:blueprint/harben/texture",
		"particle": "minecraft:item/pufferfish"
	},
	"display": {
		"head": {
			"rotation": [0, 180, 0]
		}
	},
	"elements": [
		{
			"from": [7.55698, 7.56283, -4.63209],
			"to": [8.45831, 8.46417, 17.45046],
			"rotation": {
				"angle": 0,
				"axis": "y",
				"origin": [8.45831, 7.56283, 4.83366]
			},
			"faces": {
				"north": {
					"uv": [6.875, 1.75, 7.125, 2],
					"texture": "#0"
				},
				"east": {
					"uv": [0, 1.625, 6.125, 1.875],
					"texture": "#0"
				},
				"south": {
					"uv": [7.625, 1.75, 7.875, 2],
					"texture": "#0"
				},
				"west": {
					"uv": [0, 1.875, 6.125, 2.125],
					"texture": "#0"
				},
				"up": {
					"uv": [0.25, 8.25, 0, 2.125],
					"texture": "#0"
				},
				"down": {
					"uv": [0.5, 2.125, 0.25, 8.25],
					"texture": "#0"
				}
			}
		},
		{
			"from": [7.55024, 7.10047, 15.64599],
			"to": [8.44976, 7.55024, 18.34458],
			"rotation": {
				"angle": 0,
				"axis": "y",
				"origin": [8, 6.65071, 17.89482]
			},
			"faces": {
				"north": {
					"uv": [6.75, 0.875, 7, 1],
					"texture": "#0"
				},
				"east": {
					"uv": [2, 8.875, 2.75, 9],
					"texture": "#0"
				},
				"south": {
					"uv": [7.25, 6.75, 7.5, 6.875],
					"texture": "#0"
				},
				"west": {
					"uv": [10.125, 7.75, 10.875, 7.875],
					"texture": "#0"
				},
				"up": {
					"uv": [9.5, 7.375, 9.25, 6.625],
					"texture": "#0"
				},
				"down": {
					"uv": [1, 9.375, 0.75, 10.125],
					"texture": "#0"
				}
			}
		},
		{
			"from": [7.55024, 8.44976, 15.64599],
			"to": [8.44976, 8.89953, 18.34458],
			"rotation": {
				"angle": 0,
				"axis": "y",
				"origin": [8, 8.44976, 17.44505]
			},
			"faces": {
				"north": {
					"uv": [8, 6.625, 8.25, 6.75],
					"texture": "#0"
				},
				"east": {
					"uv": [10.125, 7.875, 10.875, 8],
					"texture": "#0"
				},
				"south": {
					"uv": [8.25, 7.375, 8.5, 7.5],
					"texture": "#0"
				},
				"west": {
					"uv": [10.125, 8, 10.875, 8.125],
					"texture": "#0"
				},
				"up": {
					"uv": [7.625, 10.125, 7.375, 9.375],
					"texture": "#0"
				},
				"down": {
					"uv": [7.875, 9.375, 7.625, 10.125],
					"texture": "#0"
				}
			}
		},
		{
			"from": [7.10047, 7.10047, 14.2967],
			"to": [8.89953, 8.89953, 15.19623],
			"rotation": {
				"angle": 0,
				"axis": "y",
				"origin": [8, 8.44976, 14.2967]
			},
			"faces": {
				"north": {
					"uv": [1, 9.125, 1.5, 9.625],
					"texture": "#0"
				},
				"east": {
					"uv": [2.75, 6.5, 3, 7],
					"texture": "#0"
				},
				"south": {
					"uv": [4, 9.125, 4.5, 9.625],
					"texture": "#0"
				},
				"west": {
					"uv": [6.25, 7, 6.5, 7.5],
					"texture": "#0"
				},
				"up": {
					"uv": [10.5, 10.125, 10, 9.875],
					"texture": "#0"
				},
				"down": {
					"uv": [10.625, 0.875, 10.125, 1.125],
					"texture": "#0"
				}
			}
		},
		{
			"from": [7.32535, 7.32535, 10.69859],
			"to": [8.67465, 8.67465, 14.2967],
			"rotation": {
				"angle": 0,
				"axis": "y",
				"origin": [8.44976, 12.94741, 13.39717]
			},
			"faces": {
				"north": {
					"uv": [9.75, 4.125, 10.125, 4.5],
					"texture": "#0"
				},
				"east": {
					"uv": [8.5, 7.75, 9.5, 8.125],
					"texture": "#0"
				},
				"south": {
					"uv": [9.75, 7.75, 10.125, 8.125],
					"texture": "#0"
				},
				"west": {
					"uv": [8.625, 0.5, 9.625, 0.875],
					"texture": "#0"
				},
				"up": {
					"uv": [6.5, 9.25, 6.125, 8.25],
					"texture": "#0"
				},
				"down": {
					"uv": [6.875, 8.25, 6.5, 9.25],
					"texture": "#0"
				}
			}
		},
		{
			"from": [7.77512, 8.44976, 13.84694],
			"to": [8.22488, 9.34929, 19.24411],
			"rotation": {
				"angle": 0,
				"axis": "y",
				"origin": [8.44976, 8.89953, 18.79434]
			},
			"faces": {
				"north": {
					"uv": [4.75, 10.75, 4.875, 11],
					"texture": "#0"
				},
				"east": {
					"uv": [8.25, 5.375, 9.75, 5.625],
					"texture": "#0"
				},
				"south": {
					"uv": [4.875, 10.75, 5, 11],
					"texture": "#0"
				},
				"west": {
					"uv": [8.5, 8.125, 10, 8.375],
					"texture": "#0"
				},
				"up": {
					"uv": [5.625, 10.75, 5.5, 9.25],
					"texture": "#0"
				},
				"down": {
					"uv": [8, 9.375, 7.875, 10.875],
					"texture": "#0"
				}
			}
		},
		{
			"from": [8.44976, 7.77512, 13.84694],
			"to": [9.34929, 8.22488, 19.24411],
			"rotation": {
				"angle": 0,
				"axis": "y",
				"origin": [9.34929, 8.44976, 21.04317]
			},
			"faces": {
				"north": {
					"uv": [9.375, 3, 9.625, 3.125],
					"texture": "#0"
				},
				"east": {
					"uv": [9, 3.5, 10.5, 3.625],
					"texture": "#0"
				},
				"south": {
					"uv": [10.625, 3.375, 10.875, 3.5],
					"texture": "#0"
				},
				"west": {
					"uv": [9.25, 5.125, 10.75, 5.25],
					"texture": "#0"
				},
				"up": {
					"uv": [4.75, 9.75, 4.5, 8.25],
					"texture": "#0"
				},
				"down": {
					"uv": [3, 8.5, 2.75, 10],
					"texture": "#0"
				}
			}
		},
		{
			"from": [6.65071, 7.77512, 13.84694],
			"to": [7.55024, 8.22488, 19.24411],
			"rotation": {
				"angle": 0,
				"axis": "y",
				"origin": [7.55024, 8.44976, 21.04317]
			},
			"faces": {
				"north": {
					"uv": [10.75, 4.5, 11, 4.625],
					"texture": "#0"
				},
				"east": {
					"uv": [9.25, 5.25, 10.75, 5.375],
					"texture": "#0"
				},
				"south": {
					"uv": [5, 10.75, 5.25, 10.875],
					"texture": "#0"
				},
				"west": {
					"uv": [9.375, 2.625, 10.875, 2.75],
					"texture": "#0"
				},
				"up": {
					"uv": [3.25, 10, 3, 8.5],
					"texture": "#0"
				},
				"down": {
					"uv": [3.5, 8.5, 3.25, 10],
					"texture": "#0"
				}
			}
		},
		{
			"from": [7.77984, 6.6561, 13.91131],
			"to": [8.24806, 7.60155, 19.36791],
			"rotation": {
				"angle": 0,
				"axis": "y",
				"origin": [8.48668, 7.16485, 18.91319]
			},
			"faces": {
				"north": {
					"uv": [10.75, 5.125, 10.875, 5.375],
					"texture": "#0"
				},
				"east": {
					"uv": [8.625, 0.875, 10.125, 1.125],
					"texture": "#0"
				},
				"south": {
					"uv": [5.5, 10.75, 5.625, 11],
					"texture": "#0"
				},
				"west": {
					"uv": [8.625, 1.125, 10.125, 1.375],
					"texture": "#0"
				},
				"up": {
					"uv": [8.125, 10.875, 8, 9.375],
					"texture": "#0"
				},
				"down": {
					"uv": [8.25, 9.375, 8.125, 10.875],
					"texture": "#0"
				}
			}
		},
		{
			"from": [7.10047, 7.55024, 15.64599],
			"to": [7.55024, 8.44976, 18.34458],
			"rotation": {
				"angle": 0,
				"axis": "y",
				"origin": [7.10047, 7.55024, 17.89482]
			},
			"faces": {
				"north": {
					"uv": [5.625, 10.75, 5.75, 11],
					"texture": "#0"
				},
				"east": {
					"uv": [9.375, 2.75, 10.125, 3],
					"texture": "#0"
				},
				"south": {
					"uv": [10.75, 5.625, 10.875, 5.875],
					"texture": "#0"
				},
				"west": {
					"uv": [9.375, 3.625, 10.125, 3.875],
					"texture": "#0"
				},
				"up": {
					"uv": [7.875, 10.875, 7.75, 10.125],
					"texture": "#0"
				},
				"down": {
					"uv": [8.375, 10.125, 8.25, 10.875],
					"texture": "#0"
				}
			}
		},
		{
			"from": [8.44976, 7.55024, 15.64599],
			"to": [8.89953, 8.44976, 18.34458],
			"rotation": {
				"angle": 0,
				"axis": "y",
				"origin": [8.89953, 7.55024, 17.89482]
			},
			"faces": {
				"north": {
					"uv": [5.75, 10.75, 5.875, 11],
					"texture": "#0"
				},
				"east": {
					"uv": [9.375, 3.875, 10.125, 4.125],
					"texture": "#0"
				},
				"south": {
					"uv": [5.875, 10.75, 6, 11],
					"texture": "#0"
				},
				"west": {
					"uv": [9.375, 9.125, 10.125, 9.375],
					"texture": "#0"
				},
				"up": {
					"uv": [8.5, 10.875, 8.375, 10.125],
					"texture": "#0"
				},
				"down": {
					"uv": [8.625, 10.125, 8.5, 10.875],
					"texture": "#0"
				}
			}
		}
	]
}