{
	"textures": {
		"0": "animated_java:blueprint/harben/texture",
		"particle": "minecraft:item/pufferfish"
	},
	"display": {
		"head": {
			"rotation": [0, 180, 0]
		}
	},
	"elements": [
		{
			"from": [-7.06266, 8.44292, 7.12218],
			"to": [8.99036, 11.95443, 8.12518],
			"rotation": {
				"angle": -37.5,
				"axis": "z",
				"origin": [6.98235, 9.44592, 7.12218]
			},
			"faces": {
				"north": {
					"uv": [12.875, 4.75, 10.875, 5.1875],
					"texture": "#0"
				},
				"east": {
					"uv": [10.25, 10.75, 10.125, 11.1875],
					"texture": "#0"
				},
				"south": {
					"uv": [12.875, 5.5, 10.875, 5.9375],
					"texture": "#0"
				},
				"west": {
					"uv": [9.625, 10.75, 9.5, 11.1875],
					"texture": "#0"
				},
				"up": {
					"uv": [7.5, 11, 9.5, 10.875],
					"texture": "#0"
				},
				"down": {
					"uv": [10.875, 8, 12.875, 8.125],
					"texture": "#0"
				}
			}
		}
	]
}