{
	"textures": {
		"0": "animated_java:blueprint/harben/texture",
		"particle": "minecraft:item/pufferfish"
	},
	"display": {
		"head": {
			"rotation": [0, 180, 0]
		}
	},
	"elements": [
		{
			"from": [10.4492, 6.8829, 9],
			"to": [6.4492, 9.8829, 9],
			"rotation": {
				"angle": 0,
				"axis": "y",
				"origin": [7.4492, 7.8829, 8]
			},
			"faces": {
				"north": {
					"uv": [15.75, 8.625, 10.75, 9],
					"texture": "#0"
				},
				"east": {
					"uv": [0, 0, 0, 0.375],
					"texture": "#0"
				},
				"south": {
					"uv": [15.75, 9.375, 10.75, 9.75],
					"texture": "#0"
				},
				"west": {
					"uv": [0, 0, 0, 0.375],
					"texture": "#0"
				},
				"up": {
					"uv": [0, 0, 5, 0],
					"texture": "#0"
				},
				"down": {
					"uv": [0, 0, 5, 0],
					"texture": "#0"
				}
			}
		}
	]
}