{
	"textures": {
		"0": "animated_java:blueprint/harben/texture",
		"particle": "minecraft:item/pufferfish"
	},
	"display": {
		"head": {
			"rotation": [0, 180, 0]
		}
	},
	"elements": [
		{
			"from": [8.49301, 7.73151, 7.99425],
			"to": [21.36801, 9.72151, 8.98925],
			"rotation": {
				"angle": -25,
				"axis": "z",
				"origin": [8.49301, 7.73151, 8.01747]
			},
			"faces": {
				"north": {
					"uv": [10.875, 3.25, 14.25, 3.5],
					"texture": "#0"
				},
				"east": {
					"uv": [10.5, 10.75, 10.625, 11],
					"texture": "#0"
				},
				"south": {
					"uv": [10.875, 7, 14.25, 7.25],
					"texture": "#0"
				},
				"west": {
					"uv": [0.5, 10.875, 0.625, 11.125],
					"texture": "#0"
				},
				"up": {
					"uv": [14.125, 9.125, 10.75, 9],
					"texture": "#0"
				},
				"down": {
					"uv": [14.25, 1.875, 10.875, 2],
					"texture": "#0"
				}
			}
		}
	]
}