{
	"textures": {
		"0": "animated_java:blueprint/harben/texture",
		"particle": "minecraft:item/pufferfish"
	},
	"display": {
		"head": {
			"rotation": [0, 180, 0]
		}
	},
	"elements": [
		{
			"from": [11.19874, 5.9364, 7.96809],
			"to": [6.19874, 8.9364, 7.96809],
			"rotation": {
				"angle": 0,
				"axis": "y",
				"origin": [11.19874, 9.9364, 6.96809]
			},
			"faces": {
				"north": {
					"uv": [10.75, 10.5, 15.25, 10.875],
					"texture": "#0"
				},
				"east": {
					"uv": [0, 0, 0, 0.375],
					"texture": "#0"
				},
				"south": {
					"uv": [10.875, 0.5, 15.375, 0.875],
					"texture": "#0"
				},
				"west": {
					"uv": [0, 0, 0, 0.375],
					"texture": "#0"
				},
				"up": {
					"uv": [4.5, 0, 0, 0],
					"texture": "#0"
				},
				"down": {
					"uv": [4.5, 0, 0, 0],
					"texture": "#0"
				}
			}
		}
	]
}