{
	"textures": {
		"0": "animated_java:blueprint/harben/texture",
		"particle": "minecraft:item/pufferfish"
	},
	"display": {
		"head": {
			"rotation": [0, 180, 0]
		}
	},
	"elements": [
		{
			"from": [9.37715, 5.91305, 8.82899],
			"to": [5.37715, 8.91305, 8.82899],
			"rotation": {
				"angle": 0,
				"axis": "y",
				"origin": [8.37715, 6.91305, 7.82899]
			},
			"faces": {
				"north": {
					"uv": [10.75, 8.625, 15.75, 9],
					"texture": "#0"
				},
				"east": {
					"uv": [0, 0, 0, 0.375],
					"texture": "#0"
				},
				"south": {
					"uv": [10.75, 9.375, 15.75, 9.75],
					"texture": "#0"
				},
				"west": {
					"uv": [0, 0, 0, 0.375],
					"texture": "#0"
				},
				"up": {
					"uv": [5, 0, 0, 0],
					"texture": "#0"
				},
				"down": {
					"uv": [5, 0, 0, 0],
					"texture": "#0"
				}
			}
		}
	]
}