{
	"textures": {
		"0": "animated_java:blueprint/harben/texture",
		"particle": "minecraft:item/pufferfish"
	},
	"display": {
		"head": {
			"rotation": [0, 180, 0]
		}
	},
	"elements": [
		{
			"from": [7.00964, 8.44292, 7.32213],
			"to": [23.06266, 11.95443, 8.32513],
			"rotation": {
				"angle": 37.5,
				"axis": "z",
				"origin": [9.01765, 9.44592, 7.32213]
			},
			"faces": {
				"north": {
					"uv": [10.875, 4.75, 12.875, 5.1875],
					"texture": "#0"
				},
				"east": {
					"uv": [9.5, 10.75, 9.625, 11.1875],
					"texture": "#0"
				},
				"south": {
					"uv": [10.875, 5.5, 12.875, 5.9375],
					"texture": "#0"
				},
				"west": {
					"uv": [10.125, 10.75, 10.25, 11.1875],
					"texture": "#0"
				},
				"up": {
					"uv": [9.5, 11, 7.5, 10.875],
					"texture": "#0"
				},
				"down": {
					"uv": [12.875, 8, 10.875, 8.125],
					"texture": "#0"
				}
			}
		}
	]
}