{
	"textures": {
		"0": "animated_java:blueprint/harben/texture",
		"particle": "minecraft:item/pufferfish"
	},
	"display": {
		"head": {
			"rotation": [0, 180, 0]
		}
	},
	"elements": [
		{
			"from": [3.80126, 4.90601, 8.31539],
			"to": [6.80126, 7.90601, 8.31539],
			"rotation": {
				"angle": 0,
				"axis": "y",
				"origin": [1.80126, 11.90601, 7.31539]
			},
			"faces": {
				"north": {
					"uv": [14.875, 3.625, 10.875, 4],
					"texture": "#0"
				},
				"east": {
					"uv": [0, 0, 0, 0.375],
					"texture": "#0"
				},
				"south": {
					"uv": [14.875, 4, 10.875, 4.375],
					"texture": "#0"
				},
				"west": {
					"uv": [0, 0, 0, 0.375],
					"texture": "#0"
				},
				"up": {
					"uv": [0, 0, 4, 0],
					"texture": "#0"
				},
				"down": {
					"uv": [0, 0, 4, 0],
					"texture": "#0"
				}
			}
		}
	]
}