{
	"textures": {
		"0": "animated_java:blueprint/harben/texture",
		"particle": "minecraft:item/pufferfish"
	},
	"display": {
		"head": {
			"rotation": [0, 180, 0]
		}
	},
	"elements": [
		{
			"from": [-5.36801, 7.73151, 7.99425],
			"to": [7.50699, 9.72151, 8.98925],
			"rotation": {
				"angle": 25,
				"axis": "z",
				"origin": [7.50699, 7.73151, 8.01747]
			},
			"faces": {
				"north": {
					"uv": [14.25, 3.25, 10.875, 3.5],
					"texture": "#0"
				},
				"east": {
					"uv": [0.625, 10.875, 0.5, 11.125],
					"texture": "#0"
				},
				"south": {
					"uv": [14.25, 7, 10.875, 7.25],
					"texture": "#0"
				},
				"west": {
					"uv": [10.625, 10.75, 10.5, 11],
					"texture": "#0"
				},
				"up": {
					"uv": [10.75, 9.125, 14.125, 9],
					"texture": "#0"
				},
				"down": {
					"uv": [10.875, 1.875, 14.25, 2],
					"texture": "#0"
				}
			}
		}
	]
}