{
  "type": "minecraft:chest",
  "pools": [
    {
      "rolls": {
        "type": "minecraft:binomial",
        "value": 20,
        "n": 5,
        "p": 10
      },
      "entries": [
        {
          "type": "minecraft:item",
          "name": "minecraft:coal",
          "weight": 60
        },
        {
          "type": "minecraft:item",
          "name": "minecraft:porkchop",
          "weight": 60
        },
        {
          "type": "minecraft:item",
          "name": "minecraft:cherry_sapling",
          "weight": 1
        },
        {
          "type": "minecraft:item",
          "name": "minecraft:stick",
          "weight": 250
        },
        {
          "type": "minecraft:item",
          "name": "minecraft:gold_ingot",
          "weight": 6
        },
        {
          "type": "minecraft:item",
          "name": "minecraft:bone",
          "weight": 415,
          "quality": 1
        },
        {
          "type": "minecraft:item",
          "name": "minecraft:rotten_flesh",
          "weight": 625
        },
        {
          "type": "minecraft:item",
          "name": "minecraft:wheat",
          "weight": 575
        },
        {
          "type": "minecraft:item",
          "name": "minecraft:gold_nugget",
          "weight": 25,
          "quality": 1,
          "functions": [
            {
              "function": "minecraft:set_count",
              "count": 1,
              "add": true
            }
          ]
        }
      ],
      "functions": []
    }
  ]
}