{
  "type": "minecraft:chest",
  "pools": [
    {
      "rolls": {
        "type": "minecraft:uniform",
        "min": 5,
        "max": 10
      },
      "entries": [
        {
          "type": "minecraft:item",
          "name": "minecraft:emerald",
          "weight": 2,
          "quality": 1,
          "functions": []
        },
        {
          "type": "minecraft:item",
          "name": "minecraft:gold_ingot",
          "weight": 1,
          "quality": 1
        },
        {
          "type": "minecraft:item",
          "name": "minecraft:diamond",
          "weight": 1,
          "quality": 1
        },
        {
          "type": "minecraft:item",
          "name": "minecraft:lapis_lazuli",
          "weight": 5
        }
      ]
    }
  ],
  "functions": []
}