{
  "type": "minecraft:chest",
  "pools": [
    {
      "rolls": {
        "type": "minecraft:binomial",
        "n": 5,
        "p": 10
      },
      "entries": [
        {
          "type": "minecraft:item",
          "name": "minecraft:diamond",
          "weight": 4
        },
        {
          "type": "minecraft:item",
          "name": "minecraft:gold_block",
          "weight": 1
        },
        {
          "type": "minecraft:item",
          "name": "minecraft:gold_ingot",
          "weight": 100,
          "quality": 3
        },
        {
          "type": "minecraft:item",
          "name": "minecraft:gold_nugget",
          "weight": 600,
          "functions": [
            {
              "function": "minecraft:set_count",
              "count": {
                "type": "minecraft:binomial",
                "n": 4,
                "p": 3
              },
              "add": true
            }
          ]
        }
      ],
      "functions": []
    }
  ]
}