{
  "type": "minecraft:chest",
  "pools": [
    {
      "rolls": {
        "min": 5,
        "max": 15
      },
      "entries": [
        {
          "type": "minecraft:item",
          "name": "minecraft:rotten_flesh",
          "weight": 1
        },
        {
          "type": "minecraft:item",
          "name": "minecraft:wheat",
          "weight": 4
        },
        {
          "type": "minecraft:item",
          "name": "minecraft:porkchop",
          "weight": 7
        },
        {
          "type": "minecraft:item",
          "name": "minecraft:beef",
          "weight": 5
        },
        {
          "type": "minecraft:item",
          "name": "minecraft:mutton",
          "weight": 7
        },
        {
          "type": "minecraft:item",
          "name": "minecraft:chicken",
          "weight": 4
        },
        {
          "type": "minecraft:item",
          "name": "minecraft:cod",
          "weight": 5
        },
        {
          "type": "minecraft:item",
          "name": "minecraft:salmon",
          "weight": 6
        }
      ]
    }
  ]
}