{
  "type": "minecraft:chest",
  "pools": [
    {
      "rolls": {
        "type": "minecraft:binomial",
        "n": 10,
        "p": 10
      },
      "entries": [
        {
          "type": "minecraft:item",
          "name": "minecraft:slime_ball",
          "weight": 2
        },
        {
          "type": "minecraft:item",
          "name": "minecraft:glass_bottle",
          "weight": 3
        },
        {
          "type": "minecraft:item",
          "name": "minecraft:sugar",
          "weight": 3
        },
        {
          "type": "minecraft:item",
          "name": "minecraft:spider_eye",
          "weight": 2
        },
        {
          "type": "minecraft:item",
          "name": "minecraft:brown_mushroom",
          "weight": 2
        },
        {
          "type": "minecraft:item",
          "name": "minecraft:red_mushroom",
          "weight": 2
        },
        {
          "type": "minecraft:item",
          "name": "minecraft:nether_wart",
          "weight": 2
        },
        {
          "type": "minecraft:item",
          "name": "minecraft:blaze_powder",
          "weight": 1
        },
        {
          "type": "minecraft:item",
          "name": "minecraft:rotten_flesh",
          "weight": 3
        },
        {
          "type": "minecraft:item",
          "name": "minecraft:gold_nugget",
          "weight": 2
        },
        {
          "type": "minecraft:item",
          "name": "minecraft:turtle_scute",
          "weight": 1
        },
        {
          "type": "minecraft:item",
          "name": "minecraft:redstone",
          "weight": 2
        },
        {
          "type": "minecraft:item",
          "name": "minecraft:glowstone_dust",
          "weight": 1
        }
      ]
    }
  ]
}