{
  "type": "minecraft:chest",
  "pools": [
    {
      "rolls": {
        "type": "minecraft:binomial",
        "n": 5,
        "p": 10
      },
      "bonus_rolls": 3,
      "entries": [
        {
          "type": "minecraft:item",
          "name": "minecraft:echo_shard",
          "weight": 1
        },
        {
          "type": "minecraft:item",
          "name": "minecraft:gold_ingot",
          "weight": 5
        },
        {
          "type": "minecraft:item",
          "name": "minecraft:gold_nugget",
          "weight": 20,
          "quality": 1
        },
        {
          "type": "minecraft:item",
          "name": "minecraft:iron_nugget",
          "weight": 75
        }
      ]
    }
  ]
}