{
  "type": "minecraft:chest",
  "pools": [
    {
      "rolls": {
        "type": "minecraft:binomial",
        "n": 5,
        "p": 10
      },
      "entries": [
        {
          "type": "minecraft:item",
          "name": "minecraft:iron_nugget",
          "weight": 20,
          "functions": []
        },
        {
          "type": "minecraft:item",
          "name": "minecraft:iron_ingot",
          "weight": 2
        },
        {
          "type": "minecraft:item",
          "name": "minecraft:coal",
          "weight": 15
        },
        {
          "type": "minecraft:item",
          "name": "minecraft:stick",
          "weight": 10
        },
        {
          "type": "minecraft:item",
          "name": "minecraft:raw_iron",
          "weight": 15
        }
      ]
    }
  ]
}