{
    "description": "Blinding",
    "supported_items" : ["minecraft:leather_helmet","minecraft:chainmail_helmet","minecraft:copper_helmet","minecraft:iron_helmet","minecraft:diamond_helmet","minecraft:netherite_helmet"],
    "slots" :["head"],
    "weight" : 1,
    "anvil_cost": 4,
    "min_cost": {
        "base" : 5,
        "per_level_above_first": 0
    },
    "max_cost": {
        "base" : 10,
        "per_level_above_first": 0
    },
    "max_level": 1,
  "effects": {
    "minecraft:tick": [
      {
        "effect": {
          "type": "minecraft:run_function",
          "function": "nickland:players/general/blinding"
        }
      }
    ]
  }
}