{
    "description": "Dash",
    "supported_items" : "minecraft:lantern",
    "slots" :["offhand"],
    "weight" : 1 ,
    "anvil_cost": 0,
    "min_cost": {
        "base" : 0,
        "per_level_above_first": 0
    },
    "max_cost": {
        "base" : 0,
        "per_level_above_first": 0
    },
    "max_level": 1,
  "effects": {
    "minecraft:tick": [
      {
        "effect": {
          "type": "minecraft:apply_impulse",
          "direction": [0, 0, 1],
          "coordinate_scale": [1, 1, 1],
          "magnitude": 1.5
        },
        "requirements": {
          "condition": "all_of",
          "terms": [
            {
              "condition": "entity_properties",
              "entity": "this",
              "predicate": {
                "flags": { "is_sneaking": true }
              }
            },
            {
              "condition": "entity_scores",
              "entity": "this",
              "scores": {
                "dashTimer": { "max": 0 }
              }
            }
          ]
        }
      },

      {
        "effect": {
          "type": "minecraft:run_function",
          "function": "nickland:players/general/dashreset"
        },
        "requirements": {
          "condition": "all_of",
          "terms": [
            {
              "condition": "entity_properties",
              "entity": "this",
              "predicate": {
                "flags": { "is_sneaking": true }
              }
            },
            {
              "condition": "entity_scores",
              "entity": "this",
              "scores": {
                "dashTimer": { "max": 0 }
              }
            }
          ]
        }
      }
    ]
  }
}