{
    "description": "parry",
    "supported_items" : "minecraft:lantern",
    "slots" :["offhand"],
    "weight" : 1 ,
    "anvil_cost": 0,
    "min_cost": {
        "base" : 0,
        "per_level_above_first": 0
    },
    "max_cost": {
        "base" : 0,
        "per_level_above_first": 0
    },
    "max_level": 1,
  "effects": {
    "minecraft:tick": [
      {
        "effect": {
          "type": "run_function",
          "function": "nickland:players/general/parry"
        },
        "requirements": {
          "condition": "all_of",
          "terms": [
            {
              "condition": "entity_properties",
              "entity": "this",
              "predicate": {
                "flags": { "is_sneaking": true }
              }
            },
            {
              "condition": "entity_scores",
              "entity": "this",
              "scores": {
                "parryTimer": { "max": 1 }
              }
            }
          ]
        }
      },
      {
        "effect": {
          "type": "minecraft:run_function",
          "function": "nickland:players/general/parrycooldown"
        },
        "requirements": {
          "condition": "all_of",
          "terms": [
            {
              "condition": "entity_properties",
              "entity": "this",
              "predicate": {
                "flags": { "is_sneaking": true }
              }
            }
          ]
        }
      }
    ]
  }
}